{
  "results": [
    {
      "command": "./target/release/prtip -sT -p 80,443,8080,22,21,25 127.0.0.1",
      "mean": 0.0051840394000000015,
      "stddev": 0.00036349132772447247,
      "median": 0.0051077927000000006,
      "user": 0.00211224,
      "system": 0.0028872999999999998,
      "min": 0.004719967700000001,
      "max": 0.0058655697,
      "times": [
        0.004994903700000001,
        0.004719967700000001,
        0.004903265700000001,
        0.0056437567000000004,
        0.0058655697,
        0.0053528077,
        0.0052206817,
        0.0052912337,
        0.0048654006999999996,
        0.0049828067
      ],
      "exit_codes": [
        0,
        0,
        0,
        0,
        0,
        0,
        0,
        0,
        0,
        0
      ]
    }
  ]
}
