{
  "results": [
    {
      "command": "./target/release/prtip -sT -F 127.0.0.1",
      "mean": 0.0059364705999999995,
      "stddev": 0.00036429771272841597,
      "median": 0.005935422,
      "user": 0.0020009,
      "system": 0.0065142,
      "min": 0.0052676500000000005,
      "max": 0.0064668500000000005,
      "times": [
        0.0064668500000000005,
        0.005720753,
        0.005572284,
        0.006275671,
        0.0057884320000000005,
        0.005998219,
        0.0052676500000000005,
        0.005872625,
        0.006230228,
        0.006171994
      ],
      "exit_codes": [
        0,
        0,
        0,
        0,
        0,
        0,
        0,
        0,
        0,
        0
      ]
    }
  ]
}
