{
  "results": [
    {
      "command": "./target/release/prtip -sT -p 1-1000 127.0.0.1",
      "mean": 0.0091048626,
      "stddev": 0.0011570800198754333,
      "median": 0.009694803000000002,
      "user": 0.0065483999999999985,
      "system": 0.024011300000000003,
      "min": 0.007119022,
      "max": 0.010126702000000001,
      "times": [
        0.009709209,
        0.007119022,
        0.009778431,
        0.009700573,
        0.007634126000000001,
        0.009666045,
        0.010016502,
        0.007608983000000001,
        0.010126702000000001,
        0.009689033000000001
      ],
      "exit_codes": [
        0,
        0,
        0,
        0,
        0,
        0,
        0,
        0,
        0,
        0
      ]
    }
  ]
}
