{
  "results": [
    {
      "command": "./target/release/prtip -sT -p 1-10000 127.0.0.1",
      "mean": 0.06551935780000001,
      "stddev": 0.005943362535756839,
      "median": 0.066466518,
      "user": 0.047431299999999996,
      "system": 0.25576619999999994,
      "min": 0.056015732000000006,
      "max": 0.074547204,
      "times": [
        0.065256799,
        0.067470948,
        0.065462088,
        0.074547204,
        0.0688086,
        0.056445621,
        0.069769864,
        0.06964029000000001,
        0.056015732000000006,
        0.061776432000000006
      ],
      "exit_codes": [
        0,
        0,
        0,
        0,
        0,
        0,
        0,
        0,
        0,
        0
      ]
    }
  ]
}
