{
  "results": [
    {
      "command": "./target/release/prtip -sT -p 1-65535 127.0.0.1",
      "mean": 0.2590208962,
      "stddev": 0.0084337292015444,
      "median": 0.26155435,
      "user": 0.33279239999999993,
      "system": 1.7297331999999996,
      "min": 0.244603966,
      "max": 0.266370311,
      "times": [
        0.266370311,
        0.26155435,
        0.259562799,
        0.263013055,
        0.244603966
      ],
      "exit_codes": [
        0,
        0,
        0,
        0,
        0
      ]
    }
  ]
}
