{
  "results": [
    {
      "command": "./target/release/prtip -sT -O -p 80,443,8080 127.0.0.1",
      "mean": 0.005091297600000001,
      "stddev": 0.00021220126832702956,
      "median": 0.0050926140000000005,
      "user": 0.0026163999999999996,
      "system": 0.0022199999999999998,
      "min": 0.004772959,
      "max": 0.005377046,
      "times": [
        0.004772959,
        0.005318552000000001,
        0.00518623,
        0.0050799930000000005,
        0.005330956,
        0.004950525,
        0.0048342770000000005,
        0.005377046,
        0.0051052350000000005,
        0.004957203
      ],
      "exit_codes": [
        0,
        0,
        0,
        0,
        0,
        0,
        0,
        0,
        0,
        0
      ]
    }
  ]
}
