{
  "results": [
    {
      "command": "./target/release/prtip -sT -A -p 80,443,8080 127.0.0.1",
      "mean": 0.0049815091999999995,
      "stddev": 0.0002938529936628556,
      "median": 0.004957426500000001,
      "user": 0.0018144,
      "system": 0.0027722,
      "min": 0.004637543,
      "max": 0.00573694,
      "times": [
        0.004928977,
        0.00470673,
        0.004637543,
        0.005017087,
        0.00573694,
        0.004988626,
        0.004936715,
        0.004978138,
        0.00498379,
        0.004900546
      ],
      "exit_codes": [
        0,
        0,
        0,
        0,
        0,
        0,
        0,
        0,
        0,
        0
      ]
    }
  ]
}
