{
  "results": [
    {
      "command": "./target/release/prtip -s syn -p 1-10000 --with-db --database=/tmp/test.db 127.0.0.1",
      "mean": 0.06845597146000001,
      "stddev": 0.005526479357128495,
      "median": 0.06808586036,
      "user": 0.058353600000000005,
      "system": 0.21985655999999998,
      "min": 0.06091768186,
      "max": 0.07787794686,
      "times": [
        0.06983356486,
        0.06091768186,
        0.06365432186,
        0.06179804986,
        0.06826751986,
        0.06688267786,
        0.06790420086,
        0.07787794686,
        0.07469486686,
        0.07272888386000001
      ],
      "exit_codes": [
        0,
        0,
        0,
        0,
        0,
        0,
        0,
        0,
        0,
        0
      ]
    }
  ]
}
