{
  "results": [
    {
      "command": "6-ports",
      "mean": 0.005084232700000001,
      "stddev": 0.000171931771030158,
      "median": 0.0051080085,
      "user": 0.0018470000000000001,
      "system": 0.0029999,
      "min": 0.004838412,
      "max": 0.005296936,
      "times": [
        0.0049769720000000005,
        0.005296936,
        0.005265172,
        0.005229103000000001,
        0.004978065,
        0.004846856,
        0.005194794,
        0.004838412,
        0.005023838,
        0.005192179
      ],
      "exit_codes": [
        0,
        0,
        0,
        0,
        0,
        0,
        0,
        0,
        0,
        0
      ]
    },
    {
      "command": "100-ports",
      "mean": 0.005425627600000001,
      "stddev": 0.0002405898796560931,
      "median": 0.0054839335000000005,
      "user": 0.0021368999999999997,
      "system": 0.0054029,
      "min": 0.004931167,
      "max": 0.005768202,
      "times": [
        0.005479563000000001,
        0.004931167,
        0.005488304,
        0.005589955000000001,
        0.005768202,
        0.005523896,
        0.005638981,
        0.005239868,
        0.0052588750000000005,
        0.0053374650000000004
      ],
      "exit_codes": [
        0,
        0,
        0,
        0,
        0,
        0,
        0,
        0,
        0,
        0
      ]
    },
    {
      "command": "1000-ports",
      "mean": 0.006633024500000001,
      "stddev": 0.00018274170896362011,
      "median": 0.0066227415,
      "user": 0.0085049,
      "system": 0.0202539,
      "min": 0.006329489000000001,
      "max": 0.0069638600000000005,
      "times": [
        0.0069638600000000005,
        0.006721948,
        0.006571343,
        0.006676569,
        0.006466248000000001,
        0.00667414,
        0.006329489000000001,
        0.006833631000000001,
        0.006564381,
        0.006528636
      ],
      "exit_codes": [
        0,
        0,
        0,
        0,
        0,
        0,
        0,
        0,
        0,
        0
      ]
    },
    {
      "command": "10000-ports",
      "mean": 0.07664215790000001,
      "stddev": 0.02969793519434056,
      "median": 0.0675567775,
      "user": 0.0630596,
      "system": 0.3376266,
      "min": 0.060202582000000004,
      "max": 0.160347459,
      "times": [
        0.060202582000000004,
        0.06732838000000001,
        0.067958106,
        0.074976385,
        0.160347459,
        0.067785175,
        0.066643877,
        0.072001638,
        0.06623688300000001,
        0.062941094
      ],
      "exit_codes": [
        0,
        0,
        0,
        0,
        0,
        0,
        0,
        0,
        0,
        0
      ]
    }
  ]
}
