{
  "results": [
    {
      "command": "./target/release/prtip -F 127.0.0.1",
      "mean": 0.00377871948,
      "stddev": 0.0001570800093556358,
      "median": 0.0037509034799999997,
      "user": 0.0018232499999999998,
      "system": 0.004455279999999999,
      "min": 0.0035890689800000004,
      "max": 0.00415049698,
      "times": [
        0.0037469289799999996,
        0.00377032098,
        0.0037548779799999998,
        0.0035890689800000004,
        0.00415049698,
        0.0035976769799999997,
        0.0038114409799999997,
        0.0037425919799999995,
        0.0038785219799999998,
        0.00374526898
      ],
      "exit_codes": [
        0,
        0,
        0,
        0,
        0,
        0,
        0,
        0,
        0,
        0
      ]
    }
  ]
}
