{
  "results": [
    {
      "command": "./target/release/prtip -p 1-1000 127.0.0.1",
      "mean": 0.005851598760000001,
      "stddev": 0.00027455577192985777,
      "median": 0.00573788976,
      "user": 0.006527999999999999,
      "system": 0.01739856,
      "min": 0.00559477776,
      "max": 0.006343729760000001,
      "times": [
        0.00585693876,
        0.0056772077600000005,
        0.00560195176,
        0.00577685476,
        0.005698924760000001,
        0.0056796087600000005,
        0.00559477776,
        0.00598613476,
        0.006299858760000001,
        0.006343729760000001
      ],
      "exit_codes": [
        0,
        0,
        0,
        0,
        0,
        0,
        0,
        0,
        0,
        0
      ]
    }
  ]
}
