{
  "results": [
    {
      "command": "./target/release/prtip -p 1-10000 127.0.0.1",
      "mean": 0.07713175286,
      "stddev": 0.029688673718234262,
      "median": 0.06628767896000001,
      "user": 0.056558399999999995,
      "system": 0.34361958000000004,
      "min": 0.06246312596,
      "max": 0.16040508996,
      "times": [
        0.07894692396000001,
        0.06591891796,
        0.06302035996000001,
        0.06665643996000001,
        0.07318881396000002,
        0.06246312596,
        0.07016365796000001,
        0.06548447196000001,
        0.06506972696,
        0.16040508996
      ],
      "exit_codes": [
        0,
        0,
        0,
        0,
        0,
        0,
        0,
        0,
        0,
        0
      ]
    }
  ]
}
