{
  "results": [
    {
      "command": "./target/release/prtip -p 1-65535 127.0.0.1",
      "mean": 0.24829874748000003,
      "stddev": 0.02002301694139388,
      "median": 0.25048029988000003,
      "user": 0.28732865999999996,
      "system": 1.7257023999999999,
      "min": 0.22786571688,
      "max": 0.27803237988,
      "times": [
        0.25048029988000003,
        0.27803237988,
        0.25331425188,
        0.23180108888,
        0.22786571688
      ],
      "exit_codes": [
        0,
        0,
        0,
        0,
        0
      ]
    }
  ]
}
