{
  "results": [
    {
      "command": "./target/release/prtip -p 1-10000 --database /tmp/prtip-bench.db 127.0.0.1",
      "mean": 0.06504042906,
      "stddev": 0.007863508044939143,
      "median": 0.061812707360000003,
      "user": 0.04516662,
      "system": 0.23671429999999996,
      "min": 0.055872373360000005,
      "max": 0.07750734635999999,
      "times": [
        0.07256823836,
        0.05862470336,
        0.07014422836,
        0.062173493360000005,
        0.055872373360000005,
        0.07750734635999999,
        0.06145192136,
        0.07458525636,
        0.05786518736000001,
        0.059611542360000006
      ],
      "exit_codes": [
        0,
        0,
        0,
        0,
        0,
        0,
        0,
        0,
        0,
        0
      ]
    }
  ]
}
