{
  "results": [
    {
      "command": "./target/release/prtip -T0 -p 1-1000 127.0.0.1",
      "mean": 0.006250048820000001,
      "stddev": 0.00042040810316203517,
      "median": 0.006092770420000001,
      "user": 0.006916620000000001,
      "system": 0.017596820000000003,
      "min": 0.00591240642,
      "max": 0.0069774174200000014,
      "times": [
        0.00605587642,
        0.0069774174200000014,
        0.00591240642,
        0.00621177342,
        0.006092770420000001
      ],
      "exit_codes": [
        0,
        0,
        0,
        0,
        0
      ]
    }
  ]
}
