{
  "results": [
    {
      "command": "./target/release/prtip -T3 -p 1-1000 127.0.0.1",
      "mean": 0.0065909155600000005,
      "stddev": 0.0003120314109968739,
      "median": 0.006473830760000001,
      "user": 0.00636032,
      "system": 0.01900192,
      "min": 0.0062857187600000005,
      "max": 0.007038059760000001,
      "times": [
        0.007038059760000001,
        0.0062857187600000005,
        0.006473830760000001,
        0.00637556376,
        0.006781404760000001
      ],
      "exit_codes": [
        0,
        0,
        0,
        0,
        0
      ]
    }
  ]
}
