{
  "results": [
    {
      "command": "./target/release/prtip -T5 -p 1-1000 127.0.0.1",
      "mean": 0.00606554672,
      "stddev": 0.0006150031622108133,
      "median": 0.005716915120000001,
      "user": 0.00486498,
      "system": 0.019578639999999998,
      "min": 0.00568256512,
      "max": 0.00711365212,
      "times": [
        0.00711365212,
        0.0061264901200000004,
        0.005716915120000001,
        0.00568811112,
        0.00568256512
      ],
      "exit_codes": [
        0,
        0,
        0,
        0,
        0
      ]
    }
  ]
}
