{
  "results": [
    {
      "command": "./target/release/prtip --scan-type syn -p 1-1000 127.0.0.1",
      "mean": 0.02810616614,
      "stddev": 0.004474431932498606,
      "median": 0.02780142704,
      "user": 0.012381159999999999,
      "system": 0.030200560000000005,
      "min": 0.02347029004,
      "max": 0.03314565004,
      "times": [
        0.02352852104,
        0.031081445040000003,
        0.02347029004,
        0.031941902040000004,
        0.02404306004,
        0.03256606804,
        0.02394458104,
        0.03281873504,
        0.02452140904,
        0.03314565004
      ],
      "exit_codes": [
        0,
        0,
        0,
        0,
        0,
        0,
        0,
        0,
        0,
        0
      ]
    }
  ]
}
