{
  "results": [
    {
      "command": "./target/release/prtip -s connect -p 1-10000 127.0.0.1",
      "mean": 0.19488483385999997,
      "stddev": 0.022740951435506692,
      "median": 0.18852595496000002,
      "user": 0.07085926000000001,
      "system": 0.30618013999999993,
      "min": 0.16634815046,
      "max": 0.23118609946000002,
      "times": [
        0.19000909646000003,
        0.19945276246000002,
        0.16713085846,
        0.18178032346,
        0.16634815046,
        0.18636495446,
        0.18704281346,
        0.21073089546,
        0.23118609946000002,
        0.22880238446
      ],
      "exit_codes": [
        0,
        0,
        0,
        0,
        0,
        0,
        0,
        0,
        0,
        0
      ]
    }
  ]
}
