{
  "results": [
    {
      "command": "./target/release/prtip -s connect -p 1-10000 127.0.0.1 --database /tmp/test-current.db",
      "mean": 0.07340810256,
      "stddev": 0.003662049724481493,
      "median": 0.07428843166000001,
      "user": 0.05949235999999999,
      "system": 0.21736502,
      "min": 0.06581834666000001,
      "max": 0.07744765766,
      "times": [
        0.07234366166,
        0.07169781766000001,
        0.07499295966000001,
        0.07744765766,
        0.07358390366,
        0.07638742066000001,
        0.06581834666000001,
        0.07600269366000001,
        0.06943525966000001,
        0.07637130466000001
      ],
      "exit_codes": [
        0,
        0,
        0,
        0,
        0,
        0,
        0,
        0,
        0,
        0
      ]
    }
  ]
}
