{
  "results": [
    {
      "command": "./target/release/prtip -s connect -p 1-10000 --no-db 127.0.0.1",
      "mean": 0.03788580346,
      "stddev": 0.0025459690848097408,
      "median": 0.03821118496,
      "user": 0.041363399999999995,
      "system": 0.23308678,
      "min": 0.03373429696,
      "max": 0.041399272960000004,
      "times": [
        0.03870190596,
        0.03628516296,
        0.039951619960000004,
        0.041399272960000004,
        0.03373429696,
        0.03421506196,
        0.03938572096,
        0.03730431896,
        0.03772046396,
        0.04016020996
      ],
      "exit_codes": [
        0,
        0,
        0,
        0,
        0,
        0,
        0,
        0,
        0,
        0
      ]
    }
  ]
}
