{
  "results": [
    {
      "command": "./target/release/prtip -s connect -p 1-10000 127.0.0.1 --no-db",
      "mean": 0.04267927104000001,
      "stddev": 0.0043946488935349545,
      "median": 0.04189878204,
      "user": 0.0404478,
      "system": 0.22029921999999996,
      "min": 0.034786282040000005,
      "max": 0.050982905040000005,
      "times": [
        0.034786282040000005,
        0.041207513040000004,
        0.04259005104,
        0.040391185040000006,
        0.050982905040000005,
        0.043006673040000006,
        0.04054437604,
        0.047212872040000006,
        0.04523602504,
        0.04083482804
      ],
      "exit_codes": [
        0,
        0,
        0,
        0,
        0,
        0,
        0,
        0,
        0,
        0
      ]
    }
  ]
}
