{
  "results": [
    {
      "command": "./target/release/prtip -sS -T0 -p 1-100 127.0.0.1",
      "mean": 0.008372244100000002,
      "stddev": 0.0005414963721948959,
      "median": 0.008235477300000002,
      "user": 0.0028419919999999998,
      "system": 0.006394219999999999,
      "min": 0.007803848800000001,
      "max": 0.009703209800000001,
      "times": [
        0.0079945028,
        0.0085182438,
        0.007996007800000001,
        0.007803848800000001,
        0.0086980938,
        0.008250041800000002,
        0.008460421800000001,
        0.009703209800000001,
        0.0082209128,
        0.008077157800000002
      ],
      "exit_codes": [
        0,
        0,
        0,
        0,
        0,
        0,
        0,
        0,
        0,
        0
      ]
    }
  ]
}
