{
  "results": [
    {
      "command": "./target/release/prtip -sS -T4 -p 1-100 127.0.0.1",
      "mean": 0.008063975499999999,
      "stddev": 0.00023964768559489336,
      "median": 0.0079905956,
      "user": 0.0037579,
      "system": 0.005445859999999999,
      "min": 0.0076995966,
      "max": 0.0084843596,
      "times": [
        0.0080274336,
        0.0078931426,
        0.0081572796,
        0.0076995966,
        0.0079468826,
        0.0079537576,
        0.0083999696,
        0.0079200756,
        0.0081572576,
        0.0084843596
      ],
      "exit_codes": [
        0,
        0,
        0,
        0,
        0,
        0,
        0,
        0,
        0,
        0
      ]
    }
  ]
}
