{"mean":{"confidence_interval":{"confidence_level":0.95,"lower_bound":2139723.537990001,"upper_bound":2287569.5579999997},"point_estimate":2212638.4828,"standard_error":37363.30538203407},"median":{"confidence_interval":{"confidence_level":0.95,"lower_bound":2000629.2,"upper_bound":2284855.2199999997},"point_estimate":2157391.68,"standard_error":82973.4540319071},"median_abs_dev":{"confidence_interval":{"confidence_level":0.95,"lower_bound":281191.30465185636,"upper_bound":544332.5476641657},"point_estimate":430348.2750037908,"standard_error":72492.14807891675},"slope":null,"std_dev":{"confidence_interval":{"confidence_level":0.95,"lower_bound":325365.2702313005,"upper_bound":417008.31239351066},"point_estimate":374095.77417754347,"standard_error":23433.402794542904}}