{
  "results": [
    {
      "command": "Localhost 10K Ports (Batch 1)",
      "mean": 0.08448927204000001,
      "stddev": 0.040124970211532086,
      "median": 0.07316264024,
      "user": 0.0672034,
      "system": 0.45356654,
      "min": 0.05487053874,
      "max": 0.19410358674,
      "times": [
        0.05487053874,
        0.07032512974,
        0.06492378374,
        0.07600015074,
        0.09689818374,
        0.06780200574,
        0.07967767274,
        0.19410358674,
        0.07626912874,
        0.06402253974
      ],
      "exit_codes": [
        0,
        0,
        0,
        0,
        0,
        0,
        0,
        0,
        0,
        0
      ]
    }
  ]
}
