{
  "results": [
    {
      "command": "Localhost Batch 1024",
      "mean": 0.00695417334,
      "stddev": 0.00029933346307393243,
      "median": 0.00689587734,
      "user": 0.0061156399999999994,
      "system": 0.022711999999999996,
      "min": 0.00658068984,
      "max": 0.007620013839999999,
      "times": [
        0.00673263684,
        0.00691645784,
        0.00691591984,
        0.00658068984,
        0.007620013839999999,
        0.00687583484,
        0.00706494384,
        0.00678565484,
        0.00678517884,
        0.007264402840000001
      ],
      "exit_codes": [
        0,
        0,
        0,
        0,
        0,
        0,
        0,
        0,
        0,
        0
      ]
    }
  ]
}
