{
  "results": [
    {
      "command": "Localhost Baseline (Batch 1)",
      "mean": 0.00786592782,
      "stddev": 0.0011679432319137825,
      "median": 0.00717506642,
      "user": 0.00551366,
      "system": 0.024071999999999996,
      "min": 0.006901974920000001,
      "max": 0.00979434992,
      "times": [
        0.00713040692,
        0.00764840592,
        0.007012099920000001,
        0.00717079392,
        0.009447183920000001,
        0.00979434992,
        0.00703630792,
        0.00933841592,
        0.006901974920000001,
        0.00717933892
      ],
      "exit_codes": [
        0,
        0,
        0,
        0,
        0,
        0,
        0,
        0,
        0,
        0
      ]
    }
  ]
}
