{
  "results": [
    {
      "command": "Localhost Batch 32",
      "mean": 0.0072324788600000006,
      "stddev": 0.0008236265609374996,
      "median": 0.00696854566,
      "user": 0.00660406,
      "system": 0.022517099999999995,
      "min": 0.0067289776600000005,
      "max": 0.00951400966,
      "times": [
        0.007363643660000001,
        0.006906239660000001,
        0.00705142066,
        0.00718411766,
        0.00951400966,
        0.00691202566,
        0.00679708766,
        0.0067289776600000005,
        0.0068422006600000005,
        0.0070250656600000004
      ],
      "exit_codes": [
        0,
        0,
        0,
        0,
        0,
        0,
        0,
        0,
        0,
        0
      ]
    }
  ]
}
