{
  "results": [
    {
      "command": "Localhost Batch 256",
      "mean": 0.00691289796,
      "stddev": 0.00023383987423828694,
      "median": 0.00683056696,
      "user": 0.005366379999999999,
      "system": 0.02365138,
      "min": 0.00668199596,
      "max": 0.00730820296,
      "times": [
        0.00730820296,
        0.006859365960000001,
        0.007097624960000001,
        0.007287948960000001,
        0.00668199596,
        0.00680561796,
        0.00681938296,
        0.00684175096,
        0.00672045196,
        0.006706636960000001
      ],
      "exit_codes": [
        0,
        0,
        0,
        0,
        0,
        0,
        0,
        0,
        0,
        0
      ]
    }
  ]
}
