{
  "results": [
    {
      "command": "Localhost 10K Ports (Batch 256)",
      "mean": 0.07687690992000001,
      "stddev": 0.015803707663503596,
      "median": 0.07438872182,
      "user": 0.04596074,
      "system": 0.31456482,
      "min": 0.05917475782,
      "max": 0.11599387782000001,
      "times": [
        0.07745031682,
        0.08000401582000001,
        0.06800185482000001,
        0.06940749282000001,
        0.06393986982000001,
        0.07132712682,
        0.07906302782,
        0.05917475782,
        0.08440675882000001,
        0.11599387782000001
      ],
      "exit_codes": [
        0,
        0,
        0,
        0,
        0,
        0,
        0,
        0,
        0,
        0
      ]
    }
  ]
}
