{
  "results": [
    {
      "command": "./target/release/prtip -s syn -p 1-10000 --with-db --database=/tmp/sprint4.8-v2-test.db 127.0.0.1",
      "mean": 0.07450728318,
      "stddev": 0.007993075253386344,
      "median": 0.07246527538000001,
      "user": 0.05543924,
      "system": 0.22500047999999997,
      "min": 0.06137125788,
      "max": 0.09015357388000002,
      "times": [
        0.07294971388000002,
        0.06137125788,
        0.07059784388000001,
        0.07707945188000001,
        0.07198083688000001,
        0.08026001588000001,
        0.07067721988000002,
        0.08127366888000001,
        0.09015357388000002,
        0.06872924888000001
      ],
      "exit_codes": [
        0,
        0,
        0,
        0,
        0,
        0,
        0,
        0,
        0,
        0
      ]
    }
  ]
}
