{
  "results": [
    {
      "command": "./target/release/prtip -4 -sS -p 1-1000 127.0.0.1",
      "mean": 0.01062990918,
      "stddev": 0.0015790241687114828,
      "median": 0.01038300058,
      "user": 0.007322239999999998,
      "system": 0.023809579999999997,
      "min": 0.00909012608,
      "max": 0.01275976008,
      "times": [
        0.00910064708,
        0.01275976008,
        0.00913907708,
        0.01252869608,
        0.01148299908,
        0.00928300208,
        0.00909012608,
        0.00924480208,
        0.01185904208,
        0.01181094008
      ],
      "exit_codes": [
        0,
        0,
        0,
        0,
        0,
        0,
        0,
        0,
        0,
        0
      ]
    }
  ]
}
