{
  "results": [
    {
      "command": "./target/release/prtip -6 -sS -p 1-1000 ::1",
      "mean": 0.010408862080000001,
      "stddev": 0.0016007302160872432,
      "median": 0.009604884680000002,
      "user": 0.007507799999999999,
      "system": 0.021765780000000002,
      "min": 0.00907712368,
      "max": 0.013840864680000002,
      "times": [
        0.009548237680000002,
        0.00965071368,
        0.009869819680000001,
        0.009559055680000001,
        0.00907712368,
        0.01199534768,
        0.013840864680000002,
        0.009392037680000001,
        0.00924115168,
        0.011914268680000001
      ],
      "exit_codes": [
        0,
        0,
        0,
        0,
        0,
        0,
        0,
        0,
        0,
        0
      ]
    }
  ]
}
