{
  "results": [
    {
      "command": "./target/release/prtip -sS -p 1-1000 --max-rate 1000000 127.0.0.1",
      "mean": 0.012357373940000001,
      "stddev": 0.0004276292060374661,
      "median": 0.01221136364,
      "user": 0.00626998,
      "system": 0.025037999999999998,
      "min": 0.01199078364,
      "max": 0.013399443640000001,
      "times": [
        0.012567781640000001,
        0.01229639564,
        0.012648098640000001,
        0.01209140564,
        0.01212633164,
        0.01205545264,
        0.01208162164,
        0.013399443640000001,
        0.01231642464,
        0.01199078364
      ],
      "exit_codes": [
        0,
        0,
        0,
        0,
        0,
        0,
        0,
        0,
        0,
        0
      ]
    }
  ]
}
