{
  "results": [
    {
      "command": "./target/release/prtip -sS -p 1-1000 --max-rate 50000 127.0.0.1",
      "mean": 0.01221835008,
      "stddev": 0.0010186874280795574,
      "median": 0.01234034638,
      "user": 0.00688362,
      "system": 0.02459206,
      "min": 0.009735169380000002,
      "max": 0.01322850838,
      "times": [
        0.01297187738,
        0.013076349380000001,
        0.01280525738,
        0.01322850838,
        0.01213929738,
        0.01247343138,
        0.011637744380000002,
        0.009735169380000002,
        0.01190860438,
        0.01220726138
      ],
      "exit_codes": [
        0,
        0,
        0,
        0,
        0,
        0,
        0,
        0,
        0,
        0
      ]
    }
  ]
}
