{
  "results": [
    {
      "command": "./target/release/prtip -sS -p 80,443 127.0.0.1",
      "mean": 0.007725239480000002,
      "stddev": 0.0006041112601848916,
      "median": 0.00749570568,
      "user": 0.001798168,
      "system": 0.00410942,
      "min": 0.00687251668,
      "max": 0.00882686568,
      "times": [
        0.00687251668,
        0.0074682726800000005,
        0.00882686568,
        0.00748466968,
        0.00855780268,
        0.007585908680000001,
        0.007450613680000001,
        0.007311883680000001,
        0.00750674168,
        0.00818711968
      ],
      "exit_codes": [
        0,
        0,
        0,
        0,
        0,
        0,
        0,
        0,
        0,
        0
      ]
    }
  ]
}
