{
  "results": [
    {
      "command": "./target/release/prtip -sS -p 80,443 google.com",
      "mean": 0.058647280820000015,
      "stddev": 0.020521804454579805,
      "median": 0.06193871002000001,
      "user": 0.001385192,
      "system": 0.00621672,
      "min": 0.035506410020000004,
      "max": 0.08599981102000001,
      "times": [
        0.07068179202000001,
        0.05319562802,
        0.04065707502,
        0.035506410020000004,
        0.08534893002,
        0.03608822502,
        0.036812147020000005,
        0.07127542902,
        0.08599981102000001,
        0.07090736102
      ],
      "exit_codes": [
        0,
        0,
        0,
        0,
        0,
        0,
        0,
        0,
        0,
        0
      ]
    }
  ]
}
