{
  "results": [
    {
      "command": "./target/release/prtip -sS -sV -p 80,443 google.com",
      "mean": 7.692010392200001,
      "stddev": 0.060107754802954626,
      "median": 7.6778350195,
      "user": 2.28186214,
      "system": 0.4623626999999999,
      "min": 7.619419327,
      "max": 7.825104842,
      "times": [
        7.825104842,
        7.710114757,
        7.643536599,
        7.619419327,
        7.644765492,
        7.677737039,
        7.709558746,
        7.677933,
        7.7479426700000005,
        7.66399145
      ],
      "exit_codes": [
        0,
        0,
        0,
        0,
        0,
        0,
        0,
        0,
        0,
        0
      ]
    }
  ]
}
