{
  "results": [
    {
      "command": "./target/release/prtip -sS -O -p 80,443 google.com",
      "mean": 0.054740526860000006,
      "stddev": 0.018512413543836162,
      "median": 0.05059918546,
      "user": 0.0025261679999999996,
      "system": 0.005562179999999999,
      "min": 0.036417839460000004,
      "max": 0.08404435646000001,
      "times": [
        0.08239837346000001,
        0.03872694546,
        0.037063863460000006,
        0.07272940646,
        0.053246630460000006,
        0.036417839460000004,
        0.053609479460000005,
        0.041216633460000006,
        0.08404435646000001,
        0.04795174046
      ],
      "exit_codes": [
        0,
        0,
        0,
        0,
        0,
        0,
        0,
        0,
        0,
        0
      ]
    }
  ]
}
