{
  "results": [
    {
      "command": "Batch Size 256",
      "mean": 50.17023545482,
      "stddev": 0.006577702107786036,
      "median": 50.17185185572,
      "user": 0.37283049999999995,
      "system": 0.44282096,
      "min": 50.16091736072,
      "max": 50.17939288972,
      "times": [
        50.17230440772,
        50.16091736072,
        50.175009999720004,
        50.16096272472,
        50.173148379720004,
        50.17939288972,
        50.17139930372,
        50.16376383572,
        50.16817237072,
        50.17728327572
      ],
      "exit_codes": [
        0,
        0,
        0,
        0,
        0,
        0,
        0,
        0,
        0,
        0
      ]
    }
  ]
}
