{
  "results": [
    {
      "command": "Batch Size 1 (Baseline)",
      "mean": 50.172750517859996,
      "stddev": 0.00999606956369014,
      "median": 50.17470120845999,
      "user": 0.35211998,
      "system": 0.41800634,
      "min": 50.14936065696,
      "max": 50.18723387396,
      "times": [
        50.18723387396,
        50.170538722959996,
        50.17646773696,
        50.173581069959994,
        50.16588318796,
        50.14936065696,
        50.17855749796,
        50.171689012959995,
        50.17582134696,
        50.17837207196
      ],
      "exit_codes": [
        0,
        0,
        0,
        0,
        0,
        0,
        0,
        0,
        0,
        0
      ]
    }
  ]
}
