{
  "results": [
    {
      "command": "Batch Size 1024",
      "mean": 50.17307949146,
      "stddev": 0.006866900652355322,
      "median": 50.17399340476,
      "user": 0.37772002000000005,
      "system": 0.46978191999999996,
      "min": 50.15908363776,
      "max": 50.18285098976,
      "times": [
        50.15908363776,
        50.16565423376,
        50.17797388976,
        50.17015112276,
        50.17293396876,
        50.175052840759996,
        50.17635599476,
        50.18285098976,
        50.17218931076,
        50.17854892576
      ],
      "exit_codes": [
        0,
        0,
        0,
        0,
        0,
        0,
        0,
        0,
        0,
        0
      ]
    }
  ]
}
