{
  "results": [
    {
      "command": "IPv6 Batch Size 256",
      "mean": 0.052594007119999994,
      "stddev": 0.001091834143870401,
      "median": 0.052501696720000005,
      "user": 0.002253396,
      "system": 0.00383704,
      "min": 0.05122107422,
      "max": 0.054247218220000004,
      "times": [
        0.05319744022,
        0.05122107422,
        0.05385891122000001,
        0.05353948722,
        0.05160865622,
        0.054247218220000004,
        0.051984924220000006,
        0.052788528220000006,
        0.05127896622000001,
        0.052214865220000004
      ],
      "exit_codes": [
        0,
        0,
        0,
        0,
        0,
        0,
        0,
        0,
        0,
        0
      ]
    }
  ]
}
