{
  "results": [
    {
      "command": "Batch Size 32",
      "mean": 50.177456579440005,
      "stddev": 0.0065846251096962,
      "median": 50.17927176154,
      "user": 0.38603947999999993,
      "system": 0.46749125999999996,
      "min": 50.16218936904,
      "max": 50.18540067104,
      "times": [
        50.18000159604,
        50.18540067104,
        50.17342782704,
        50.16218936904,
        50.17672445904,
        50.17949745704,
        50.17365542004,
        50.18342839104,
        50.17904606604,
        50.18119453804
      ],
      "exit_codes": [
        0,
        0,
        0,
        0,
        0,
        0,
        0,
        0,
        0,
        0
      ]
    }
  ]
}
