{
  "results": [
    {
      "command": "./target/release/prtip -sA -p 1-1000 127.0.0.1",
      "mean": 0.010502520080000001,
      "stddev": 0.0015738856988110278,
      "median": 0.01048608548,
      "user": 0.00648486,
      "system": 0.024156379999999998,
      "min": 0.00847107098,
      "max": 0.01226024998,
      "times": [
        0.01226024998,
        0.01201293498,
        0.01198420598,
        0.009472441980000001,
        0.00942411498,
        0.00898680198,
        0.01205070098,
        0.008862949980000001,
        0.00847107098,
        0.01149972898
      ],
      "exit_codes": [
        0,
        0,
        0,
        0,
        0,
        0,
        0,
        0,
        0,
        0
      ]
    }
  ]
}
