{
  "results": [
    {
      "command": "./target/release/prtip -sT -p 1-1000 127.0.0.1",
      "mean": 0.010496402519999998,
      "stddev": 0.0013880690348130867,
      "median": 0.01131431812,
      "user": 0.0063098999999999985,
      "system": 0.024392259999999995,
      "min": 0.00858547112,
      "max": 0.01218374512,
      "times": [
        0.01151032612,
        0.01149273612,
        0.01132381412,
        0.00907569812,
        0.01218374512,
        0.01130482212,
        0.00858547112,
        0.008785639119999999,
        0.01146791412,
        0.00923385912
      ],
      "exit_codes": [
        0,
        0,
        0,
        0,
        0,
        0,
        0,
        0,
        0,
        0
      ]
    }
  ]
}
