{
  "results": [
    {
      "command": "./target/release/prtip -sF -p 1-1000 127.0.0.1",
      "mean": 0.009924967400000002,
      "stddev": 0.0013029565299028376,
      "median": 0.0093405004,
      "user": 0.00559186,
      "system": 0.0249841,
      "min": 0.0087851514,
      "max": 0.0122616014,
      "times": [
        0.0122616014,
        0.0091760824,
        0.009724687400000001,
        0.0090090914,
        0.0087851514,
        0.0111810434,
        0.009504918400000001,
        0.0088718604,
        0.0117506174,
        0.0089846204
      ],
      "exit_codes": [
        0,
        0,
        0,
        0,
        0,
        0,
        0,
        0,
        0,
        0
      ]
    }
  ]
}
