{
  "results": [
    {
      "command": "./target/release/prtip -sN -p 1-1000 127.0.0.1",
      "mean": 0.01021097616,
      "stddev": 0.0015926647466176652,
      "median": 0.00958223856,
      "user": 0.005163159999999999,
      "system": 0.025752399999999998,
      "min": 0.00867206056,
      "max": 0.01278755856,
      "times": [
        0.00867206056,
        0.01262344856,
        0.00957277956,
        0.008991991559999999,
        0.00886660356,
        0.00931459756,
        0.01278755856,
        0.00976936656,
        0.01191965756,
        0.00959169756
      ],
      "exit_codes": [
        0,
        0,
        0,
        0,
        0,
        0,
        0,
        0,
        0,
        0
      ]
    }
  ]
}
