{
  "results": [
    {
      "command": "./target/release/prtip -sS -p 1-1000 127.0.0.1",
      "mean": 0.010374092060000003,
      "stddev": 0.001241187633651241,
      "median": 0.01099721666,
      "user": 0.0061906999999999995,
      "system": 0.024138959999999998,
      "min": 0.00828160416,
      "max": 0.011586626160000002,
      "times": [
        0.011424217160000001,
        0.008717417160000001,
        0.01137356716,
        0.011305007160000002,
        0.01088861416,
        0.00828160416,
        0.01110581916,
        0.011586626160000002,
        0.00933556716,
        0.009722481160000001
      ],
      "exit_codes": [
        0,
        0,
        0,
        0,
        0,
        0,
        0,
        0,
        0,
        0
      ]
    }
  ]
}
