{
  "results": [
    {
      "command": "./target/release/prtip -sU -p 53,67,68,123,161 127.0.0.1",
      "mean": 0.008361907660000003,
      "stddev": 0.00044884958413849525,
      "median": 0.008411257060000002,
      "user": 0.0013362600000000001,
      "system": 0.0050957599999999995,
      "min": 0.007782236060000001,
      "max": 0.008917623060000001,
      "times": [
        0.00806790406,
        0.007782236060000001,
        0.008630518060000002,
        0.008917623060000001,
        0.008411257060000002
      ],
      "exit_codes": [
        0,
        0,
        0,
        0,
        0
      ]
    }
  ]
}
