{
  "results": [
    {
      "command": "./target/release/prtip -sX -p 1-1000 127.0.0.1",
      "mean": 0.009740463360000002,
      "stddev": 0.0009433456472715077,
      "median": 0.009536284960000002,
      "user": 0.006262220000000001,
      "system": 0.024277679999999992,
      "min": 0.008770367460000001,
      "max": 0.011632354460000001,
      "times": [
        0.009731808460000001,
        0.009614180460000002,
        0.00909219546,
        0.009324388460000001,
        0.008770367460000001,
        0.00893961046,
        0.00963546646,
        0.009458389460000001,
        0.01120587246,
        0.011632354460000001
      ],
      "exit_codes": [
        0,
        0,
        0,
        0,
        0,
        0,
        0,
        0,
        0,
        0
      ]
    }
  ]
}
