{
  "results": [
    {
      "command": "./target/release/prtip -s syn -p 1-10000 127.0.0.1",
      "mean": 0.03738779534000001,
      "stddev": 0.00318365993455512,
      "median": 0.03759897914,
      "user": 0.036501820000000004,
      "system": 0.24052732,
      "min": 0.032817565140000005,
      "max": 0.044019876140000004,
      "times": [
        0.038475929140000004,
        0.044019876140000004,
        0.032817565140000005,
        0.03411716914,
        0.03840879014,
        0.034466307140000006,
        0.036861591140000004,
        0.037529814140000006,
        0.03951276714,
        0.037668144140000005
      ],
      "exit_codes": [
        0,
        0,
        0,
        0,
        0,
        0,
        0,
        0,
        0,
        0
      ]
    }
  ]
}
