{
  "results": [
    {
      "command": "./target/release/prtip -s syn -p 1-10000 127.0.0.1",
      "mean": 0.04112001384000001,
      "stddev": 0.0034897705415083444,
      "median": 0.04237182994000001,
      "user": 0.03796181999999999,
      "system": 0.22893434,
      "min": 0.03530135794,
      "max": 0.04564518294,
      "times": [
        0.03894642394,
        0.043088561940000006,
        0.039340270940000005,
        0.04564518294,
        0.04216627794,
        0.04326946394,
        0.04459923994000001,
        0.03626597694,
        0.042577381940000006,
        0.03530135794
      ],
      "exit_codes": [
        0,
        0,
        0,
        0,
        0,
        0,
        0,
        0,
        0,
        0
      ]
    }
  ]
}
