{
  "results": [
    {
      "command": "/home/parobek/Code/ProRT-IP/target/release/prtip -s connect -p 1-10000 127.0.0.1",
      "mean": 0.0394331149,
      "stddev": 0.003131357311328849,
      "median": 0.039093821400000006,
      "user": 0.03597727999999999,
      "system": 0.23626608,
      "min": 0.0344952569,
      "max": 0.045335897900000005,
      "times": [
        0.0431070339,
        0.0374098899,
        0.0344952569,
        0.0379799589,
        0.035712121900000005,
        0.0380781799,
        0.041283201900000004,
        0.0381466929,
        0.0422902449,
        0.0416308539,
        0.040040949900000004,
        0.0381408099,
        0.0416769579,
        0.0346692349,
        0.045335897900000005,
        0.0422657679,
        0.0348439149,
        0.0414985189,
        0.0422412879,
        0.0378155229
      ],
      "exit_codes": [
        0,
        0,
        0,
        0,
        0,
        0,
        0,
        0,
        0,
        0,
        0,
        0,
        0,
        0,
        0,
        0,
        0,
        0,
        0,
        0
      ]
    }
  ]
}
