{
  "results": [
    {
      "command": "/home/parobek/Code/ProRT-IP/target/release/prtip -s connect -p 1-65535 127.0.0.1",
      "mean": 0.19087240049999998,
      "stddev": 0.007140478881207696,
      "median": 0.1917740188,
      "user": 0.2508694,
      "system": 1.6449953199999996,
      "min": 0.1810594133,
      "max": 0.20446477230000001,
      "times": [
        0.1976854973,
        0.1929162083,
        0.19252897830000001,
        0.1839118113,
        0.18352040630000002,
        0.19101905930000002,
        0.1810594133,
        0.19412252130000002,
        0.20446477230000001,
        0.1874953373
      ],
      "exit_codes": [
        0,
        0,
        0,
        0,
        0,
        0,
        0,
        0,
        0,
        0
      ]
    }
  ]
}
