{
  "results": [
    {
      "command": "/home/parobek/Code/ProRT-IP/target/release/prtip -s connect -p 1-1000 -T 0 127.0.0.1",
      "mean": 0.004617334240000001,
      "stddev": 0.0004327659978427654,
      "median": 0.00449861094,
      "user": 0.0040525,
      "system": 0.019592259999999997,
      "min": 0.00415920644,
      "max": 0.00555779244,
      "times": [
        0.00431819244,
        0.00555779244,
        0.00467703244,
        0.00429336644,
        0.00455037544,
        0.00439063744,
        0.00415920644,
        0.00460740944,
        0.00517248344,
        0.00444684644
      ],
      "exit_codes": [
        0,
        0,
        0,
        0,
        0,
        0,
        0,
        0,
        0,
        0
      ]
    },
    {
      "command": "/home/parobek/Code/ProRT-IP/target/release/prtip -s connect -p 1-1000 -T 3 127.0.0.1",
      "mean": 0.00468896744,
      "stddev": 0.000489983976429162,
      "median": 0.00451703294,
      "user": 0.0048362,
      "system": 0.018452459999999997,
      "min": 0.00433927944,
      "max": 0.00592811844,
      "times": [
        0.00503106244,
        0.00471535344,
        0.00460417744,
        0.00442988844,
        0.00438489344,
        0.00433927944,
        0.00435916644,
        0.00473656344,
        0.00436117144,
        0.00592811844
      ],
      "exit_codes": [
        0,
        0,
        0,
        0,
        0,
        0,
        0,
        0,
        0,
        0
      ]
    },
    {
      "command": "/home/parobek/Code/ProRT-IP/target/release/prtip -s connect -p 1-1000 -T 5 127.0.0.1",
      "mean": 0.00462515704,
      "stddev": 0.0002476887239595519,
      "median": 0.004601379940000001,
      "user": 0.0041265,
      "system": 0.019732959999999997,
      "min": 0.00430927644,
      "max": 0.00510095344,
      "times": [
        0.00456564344,
        0.00445162344,
        0.00471875744,
        0.00490937644,
        0.00441866644,
        0.00463711644,
        0.00473430144,
        0.00430927644,
        0.00440585544,
        0.00510095344
      ],
      "exit_codes": [
        0,
        0,
        0,
        0,
        0,
        0,
        0,
        0,
        0,
        0
      ]
    }
  ]
}
