{
  "results": [
    {
      "command": "./target/release/prtip --scan-type syn -p 1-10000 127.0.0.1",
      "mean": 0.18975348988000001,
      "stddev": 0.003846700987237783,
      "median": 0.19021432948000003,
      "user": 0.10554877999999998,
      "system": 0.27641733999999996,
      "min": 0.18348700098,
      "max": 0.19600493098000002,
      "times": [
        0.18418680598,
        0.18348700098,
        0.18889540698,
        0.19056633598000003,
        0.19256679598,
        0.19026450898000002,
        0.19016414998000003,
        0.18821902698,
        0.19600493098000002,
        0.19317993598000002
      ],
      "exit_codes": [
        0,
        0,
        0,
        0,
        0,
        0,
        0,
        0,
        0,
        0
      ]
    }
  ]
}
