{
  "results": [
    {
      "command": "./target/release/prtip -sT -p 80,443,8080 127.0.0.1",
      "mean": 0.0057098232,
      "stddev": 0.00029884515840697325,
      "median": 0.005648308500000001,
      "user": 0.0017710999999999998,
      "system": 0.003493099999999999,
      "min": 0.005271369000000001,
      "max": 0.006121186000000001,
      "times": [
        0.005632436,
        0.005584756000000001,
        0.0061178330000000005,
        0.006121186000000001,
        0.006054011000000001,
        0.00570977,
        0.0053715460000000005,
        0.005271369000000001,
        0.005664181000000001,
        0.005571144
      ],
      "exit_codes": [
        0,
        0,
        0,
        0,
        0,
        0,
        0,
        0,
        0,
        0
      ]
    }
  ]
}
