{
  "results": [
    {
      "command": "./target/release/prtip -sT -p 80,443,8080 --ttl 64 127.0.0.1",
      "mean": 0.005477413900000001,
      "stddev": 0.0001912545368911109,
      "median": 0.005565762,
      "user": 0.0023095,
      "system": 0.0028997,
      "min": 0.0051336490000000005,
      "max": 0.005695283000000001,
      "times": [
        0.005554229,
        0.005695283000000001,
        0.005370293,
        0.005595687,
        0.005217184000000001,
        0.0051336490000000005,
        0.0056023950000000005,
        0.005577295,
        0.005379531000000001,
        0.005648593
      ],
      "exit_codes": [
        0,
        0,
        0,
        0,
        0,
        0,
        0,
        0,
        0,
        0
      ]
    }
  ]
}
