{
  "results": [
    {
      "command": "./target/release/prtip -sS 104.16.0.30 104.16.1.73 104.16.2.46 104.16.3.231 104.16.4.95 -p 80,443 --timeout 100 --max-rate 5000",
      "mean": 0.049147313160000004,
      "stddev": 0.0026999817016039552,
      "median": 0.04920396736,
      "user": 0.0022193399999999998,
      "system": 0.00546488,
      "min": 0.045674612360000005,
      "max": 0.05267606936,
      "times": [
        0.04920396736,
        0.045674612360000005,
        0.05267606936,
        0.05061382936,
        0.047568087360000004
      ],
      "exit_codes": [
        0,
        0,
        0,
        0,
        0
      ]
    }
  ]
}
