{
  "results": [
    {
      "command": "./target/release/prtip -sS 104.16.0.30 104.16.1.73 104.16.2.46 104.16.3.231 104.16.4.95 -p 80,443 --timeout 100 --max-rate 5000 --skip-cdn",
      "mean": 0.06754999806,
      "stddev": 0.002310764411899596,
      "median": 0.06858577886,
      "user": 0.040242059999999996,
      "system": 0.025484240000000002,
      "min": 0.06445863586,
      "max": 0.06999423085999999,
      "times": [
        0.06582606986,
        0.06999423085999999,
        0.06445863586,
        0.06858577886,
        0.06888527486
      ],
      "exit_codes": [
        0,
        0,
        0,
        0,
        0
      ]
    }
  ]
}
