{
  "results": [
    {
      "command": "./target/release/prtip -sS 104.16.0.30 104.16.1.73 104.16.2.46 104.16.3.231 104.16.4.95 -p 80,443 --timeout 100 --max-rate 5000 --skip-cdn --cdn-whitelist cloudflare",
      "mean": 0.03793833728,
      "stddev": 0.0011257006778511343,
      "median": 0.03764812928,
      "user": 0.02081902,
      "system": 0.01554728,
      "min": 0.03645021128,
      "max": 0.03934572628,
      "times": [
        0.03934572628,
        0.03752359128,
        0.03645021128,
        0.03764812928,
        0.03872402828
      ],
      "exit_codes": [
        0,
        0,
        0,
        0,
        0
      ]
    }
  ]
}
