{
  "results": [
    {
      "command": "./target/release/prtip -sS 104.16.0.30 104.16.1.73 104.16.2.46 104.16.3.231 104.16.4.95 -p 80,443 --timeout 100 --max-rate 5000 --skip-cdn --cdn-blacklist cloudflare",
      "mean": 0.06618502866,
      "stddev": 0.001440307438707862,
      "median": 0.06679691446000001,
      "user": 0.012953059999999999,
      "system": 0.01136446,
      "min": 0.06400821046,
      "max": 0.06765722846000001,
      "times": [
        0.06551959146000001,
        0.06694319846,
        0.06765722846000001,
        0.06679691446000001,
        0.06400821046
      ],
      "exit_codes": [
        0,
        0,
        0,
        0,
        0
      ]
    }
  ]
}
