{
  "results": [
    {
      "command": "./target/release/prtip -sS 2606:4700::1 2606:4700::2 2606:4700::3 -p 80,443 --timeout 100 --max-rate 5000 --skip-cdn",
      "mean": 0.10681925498,
      "stddev": 0.04555511923287491,
      "median": 0.09966639538000001,
      "user": 0.06755884,
      "system": 0.036037959999999994,
      "min": 0.06327088438,
      "max": 0.16401507838,
      "times": [
        0.06445035638,
        0.06327088438,
        0.09966639538000001,
        0.14269356038000003,
        0.16401507838
      ],
      "exit_codes": [
        0,
        0,
        0,
        0,
        0
      ]
    }
  ]
}
