{
  "results": [
    {
      "command": "./target/release/prtip -sS 104.16.0.30 104.16.1.73 2606:4700::1 2606:4700::2 192.168.1.1 -p 80,443 --timeout 100 --max-rate 5000 --skip-cdn",
      "mean": 0.19214668198,
      "stddev": 0.032416987085982354,
      "median": 0.17966606078000003,
      "user": 0.054290519999999995,
      "system": 0.0305743,
      "min": 0.17232348178,
      "max": 0.24981817378,
      "times": [
        0.18132815078,
        0.24981817378,
        0.17759754278,
        0.17232348178,
        0.17966606078000003
      ],
      "exit_codes": [
        0,
        0,
        0,
        0,
        0
      ]
    }
  ]
}
