{
  "results": [
    {
      "command": "./target/release/prtip -sS 104.16.0.30 104.16.1.73 104.16.2.46 104.16.3.231 104.16.4.95 -p 80,443 --timeout 100 --max-rate 5000 --mmsg-batch-size 16",
      "mean": 0.048912415400000006,
      "stddev": 0.0026085033013078995,
      "median": 0.0487686056,
      "user": 0.0014197759999999998,
      "system": 0.00724326,
      "min": 0.0459477946,
      "max": 0.052866761600000006,
      "times": [
        0.049587833600000006,
        0.052866761600000006,
        0.0487686056,
        0.0459477946,
        0.0473910816
      ],
      "exit_codes": [
        0,
        0,
        0,
        0,
        0
      ]
    }
  ]
}
