{
  "results": [
    {
      "command": "./target/release/prtip -sS 104.16.0.30 104.16.1.73 104.16.2.46 104.16.3.231 104.16.4.95 -p 80,443 --timeout 100 --max-rate 5000 --mmsg-batch-size 32",
      "mean": 0.04891300204,
      "stddev": 0.002646801669770082,
      "median": 0.04766393984,
      "user": 0.0017847599999999998,
      "system": 0.00623126,
      "min": 0.04755751884,
      "max": 0.05363504484,
      "times": [
        0.04806060184,
        0.047647904840000005,
        0.04766393984,
        0.04755751884,
        0.05363504484
      ],
      "exit_codes": [
        0,
        0,
        0,
        0,
        0
      ]
    }
  ]
}
