{
  "results": [
    {
      "command": "./target/release/prtip -sS 104.16.0.30 104.16.1.73 104.16.2.46 104.16.3.231 104.16.4.95 -p 80,443 --timeout 100 --max-rate 5000 --mmsg-batch-size 256",
      "mean": 0.049869548220000004,
      "stddev": 0.003795980156617879,
      "median": 0.04915553202,
      "user": 0.00334548,
      "system": 0.00454536,
      "min": 0.04647146902,
      "max": 0.05607097702,
      "times": [
        0.04915553202,
        0.050396620020000005,
        0.05607097702,
        0.04647146902,
        0.047253143020000006
      ],
      "exit_codes": [
        0,
        0,
        0,
        0,
        0
      ]
    }
  ]
}
