{
  "results": [
    {
      "command": "./target/release/prtip -sS 104.16.0.30 104.16.1.73 104.16.2.46 104.16.3.231 104.16.4.95 -p 80,443 --timeout 100 --max-rate 5000 --mmsg-batch-size 1024",
      "mean": 0.04742984588000001,
      "stddev": 0.000725361830736427,
      "median": 0.04752281028000001,
      "user": 0.00213262,
      "system": 0.005567419999999999,
      "min": 0.046663224280000005,
      "max": 0.04831740928000001,
      "times": [
        0.04791348628000001,
        0.04831740928000001,
        0.046663224280000005,
        0.04673229928000001,
        0.04752281028000001
      ],
      "exit_codes": [
        0,
        0,
        0,
        0,
        0
      ]
    }
  ]
}
