{
  "results": [
    {
      "command": "./target/release/prtip -sS -p 1-65535 127.0.0.1",
      "mean": 0.28696222812,
      "stddev": 0.029223068750675634,
      "median": 0.27680276292,
      "user": 0.29712565999999996,
      "system": 1.7931538799999998,
      "min": 0.26865239992,
      "max": 0.33868113892,
      "times": [
        0.26865239992,
        0.27936037592,
        0.33868113892,
        0.27131446292,
        0.27680276292
      ],
      "exit_codes": [
        0,
        0,
        0,
        0,
        0
      ]
    }
  ]
}
