{
  "results": [
    {
      "command": "./target/release/prtip -sS -p 1-10000 127.0.0.1",
      "mean": 0.07470482650000002,
      "stddev": 0.02362480567159727,
      "median": 0.0682240294,
      "user": 0.045327080000000006,
      "system": 0.2532086,
      "min": 0.0519592484,
      "max": 0.1305391324,
      "times": [
        0.0541584934,
        0.0704810444,
        0.09525239640000001,
        0.0624529204,
        0.0801386774,
        0.0585210374,
        0.0519592484,
        0.1305391324,
        0.07757830040000001,
        0.0659670144
      ],
      "exit_codes": [
        0,
        0,
        0,
        0,
        0,
        0,
        0,
        0,
        0,
        0
      ]
    }
  ]
}
