{
  "results": [
    {
      "command": "./target/release/prtip -sS -p 1-1000 127.0.0.1",
      "mean": 0.009825106259999999,
      "stddev": 0.0010927685064368697,
      "median": 0.009348408160000002,
      "user": 0.00621318,
      "system": 0.0245766,
      "min": 0.008944036660000002,
      "max": 0.01196163566,
      "times": [
        0.009249596660000001,
        0.01054150266,
        0.00947159866,
        0.00894798966,
        0.011424308660000002,
        0.008944036660000002,
        0.00944721966,
        0.01196163566,
        0.00907998666,
        0.009183187660000001
      ],
      "exit_codes": [
        0,
        0,
        0,
        0,
        0,
        0,
        0,
        0,
        0,
        0
      ]
    }
  ]
}
