{
  "results": [
    {
      "command": "./target/release/prtip -sS -p 1-100 127.0.0.1",
      "mean": 0.007795085740000002,
      "stddev": 0.0002595451548124568,
      "median": 0.007784094540000001,
      "user": 0.00194416,
      "system": 0.006792399999999999,
      "min": 0.007352970540000002,
      "max": 0.008103564540000002,
      "times": [
        0.00805823454,
        0.007697244540000002,
        0.008103564540000002,
        0.008023761540000002,
        0.008017656540000001,
        0.007825136540000001,
        0.007676770540000001,
        0.007743052540000002,
        0.007352970540000002,
        0.0074524655400000014
      ],
      "exit_codes": [
        0,
        0,
        0,
        0,
        0,
        0,
        0,
        0,
        0,
        0
      ]
    }
  ]
}
