{"mean":{"confidence_interval":{"confidence_level":0.95,"lower_bound":5025164.06486234,"upper_bound":5264941.3118381},"point_estimate":5133211.911694409,"standard_error":61665.42900490598},"median":{"confidence_interval":{"confidence_level":0.95,"lower_bound":4982057.327433628,"upper_bound":5233700.694927307},"point_estimate":5096146.460816126,"standard_error":49841.06060822193},"median_abs_dev":{"confidence_interval":{"confidence_level":0.95,"lower_bound":6542.60668006895,"upper_bound":303564.6385639689},"point_estimate":125676.33262986157,"standard_error":84361.81190385156},"slope":{"confidence_interval":{"confidence_level":0.95,"lower_bound":5056718.509620622,"upper_bound":5302162.839894931},"point_estimate":5157469.833421445,"standard_error":62222.25374010436},"std_dev":{"confidence_interval":{"confidence_level":0.95,"lower_bound":75171.89647783207,"upper_bound":280739.82374089654},"point_estimate":205204.8226807934,"standard_error":57194.13402220313}}