{
  "results": [
    {
      "command": "./target/release/prtip -s syn -p 1-10000 127.0.0.1",
      "mean": 0.03920822878000001,
      "stddev": 0.003653432119007307,
      "median": 0.03900799128,
      "user": 0.03688938,
      "system": 0.2310826,
      "min": 0.03216121578,
      "max": 0.04581801578,
      "times": [
        0.04314163178,
        0.03216121578,
        0.03685050778,
        0.03948161178,
        0.04073638778,
        0.04581801578,
        0.03806714178,
        0.03900561878,
        0.037809792780000004,
        0.03901036378
      ],
      "exit_codes": [
        0,
        0,
        0,
        0,
        0,
        0,
        0,
        0,
        0,
        0
      ]
    }
  ]
}
