{
  "results": [
    {
      "command": "./target/release/prtip -s syn -p 1-10000 --with-db --database=/tmp/sprint4.7-test.db 127.0.0.1",
      "mean": 0.139919899,
      "stddev": 0.0043626636168603095,
      "median": 0.13832088050000002,
      "user": 0.05366043999999999,
      "system": 0.21663895999999996,
      "min": 0.134318871,
      "max": 0.146290321,
      "times": [
        0.142799851,
        0.137182947,
        0.138882009,
        0.136940435,
        0.135366617,
        0.144788665,
        0.144869522,
        0.134318871,
        0.137759752,
        0.146290321
      ],
      "exit_codes": [
        0,
        0,
        0,
        0,
        0,
        0,
        0,
        0,
        0,
        0
      ]
    }
  ]
}
