{
  "results": [
    {
      "command": "./target/release/prtip --scan-type syn -p 1-100 127.0.0.1",
      "mean": 0.00945602798,
      "stddev": 0.0004808283572993708,
      "median": 0.00947445138,
      "user": 0.00278713,
      "system": 0.0067735799999999995,
      "min": 0.00866394988,
      "max": 0.010226098880000001,
      "times": [
        0.00866394988,
        0.00889124688,
        0.00975037388,
        0.00915053088,
        0.00948747588,
        0.00923046388,
        0.010226098880000001,
        0.009856733880000001,
        0.00946142688,
        0.009841978880000001
      ],
      "exit_codes": [
        0,
        0,
        0,
        0,
        0,
        0,
        0,
        0,
        0,
        0
      ]
    }
  ]
}
