{
  "results": [
    {
      "command": "/home/parobek/Code/ProRT-IP/target/release/prtip -s connect -p 1-1000 127.0.0.1",
      "mean": 0.004457846569999999,
      "stddev": 0.00038964715158224276,
      "median": 0.00434017162,
      "user": 0.005570349999999999,
      "system": 0.01779439,
      "min": 0.00405252362,
      "max": 0.005454785620000001,
      "times": [
        0.005454785620000001,
        0.00475779862,
        0.00405252362,
        0.0041056856200000005,
        0.004333857620000001,
        0.0042773566200000005,
        0.00452027162,
        0.00434648562,
        0.004254961620000001,
        0.00458984162,
        0.004707127620000001,
        0.00416674062,
        0.004113973620000001,
        0.004516592620000001,
        0.004141983620000001,
        0.00430070162,
        0.00538811862,
        0.0045940216199999995,
        0.004125851620000001,
        0.004408251620000001
      ],
      "exit_codes": [
        0,
        0,
        0,
        0,
        0,
        0,
        0,
        0,
        0,
        0,
        0,
        0,
        0,
        0,
        0,
        0,
        0,
        0,
        0,
        0
      ]
    }
  ]
}
