{
  "results": [
    {
      "command": "/home/parobek/Code/ProRT-IP/target/release/prtip -s connect -p 1-10000 --with-db 127.0.0.1",
      "mean": 0.07510308569333332,
      "stddev": 0.0060560090747331565,
      "median": 0.07672911276,
      "user": 0.05916042,
      "system": 0.2269923533333333,
      "min": 0.06393670576,
      "max": 0.08263839376,
      "times": [
        0.06635117576,
        0.06393670576,
        0.07037255376,
        0.08117443376,
        0.07543738276,
        0.07138677376,
        0.07672911276,
        0.08180371476000001,
        0.06640711376,
        0.07468559376,
        0.07912383376,
        0.07879835076,
        0.07955104876,
        0.07815009776,
        0.08263839376
      ],
      "exit_codes": [
        0,
        0,
        0,
        0,
        0,
        0,
        0,
        0,
        0,
        0,
        0,
        0,
        0,
        0,
        0
      ]
    }
  ]
}
