{
  "results": [
    {
      "command": "/home/parobek/Code/ProRT-IP/target/release/prtip -sS -p 1-100 127.0.0.1",
      "mean": 0.00685064482,
      "stddev": 0.00031427622273223993,
      "median": 0.00678662212,
      "user": 0.0019674280000000002,
      "system": 0.005912763999999999,
      "min": 0.00652720362,
      "max": 0.0075370186200000005,
      "times": [
        0.00726407162,
        0.00663311762,
        0.00678142962,
        0.0066577986200000005,
        0.00682498962,
        0.00652720362,
        0.00662976162,
        0.00685924262,
        0.00679181462,
        0.0075370186200000005
      ],
      "exit_codes": [
        0,
        0,
        0,
        0,
        0,
        0,
        0,
        0,
        0,
        0
      ]
    }
  ]
}
